ACADEMIC_YEAR,UNIV_ID,UNIV_NAME,UNIV_TYPE_NAME,CAMPUS_TYPE_NAME,PROVINCE_NAME,LATITUDE,LONGITUDE
2566,00100,จุฬาลงกรณ์มหาวิทยาลัย,มหาวิทยาลัยในกำกับรัฐ,วิทยาเขตหลัก,กรุงเทพมหานคร,13.7387535,100.5299316
2566,00200,มหาวิทยาลัยเกษตรศาสตร์,มหาวิทยาลัยในกำกับรัฐ,วิทยาเขตหลัก,กรุงเทพมหานคร,13.847050,100.57194
2566,00201,มหาวิทยาลัยเกษตรศาสตร์ วิทยาเขตกำแพงแสน,มหาวิทยาลัยในกำกับรัฐ,วิทยาเขต,นครปฐม,14.022788,99.978337
2566,00202,มหาวิทยาลัยเกษตรศาสตร์ วิทยาเขตศรีราชา,มหาวิทยาลัยในกำกับรัฐ,วิทยาเขต,ชลบุรี,13.120993,100.918364
2566,00203,มหาวิทยาลัยเกษตรศาสตร์ วิทยาเขตเฉลิมพระเกียรติ จังหวัดสกลนคร,มหาวิทยาลัยในกำกับรัฐ,วิทยาเขต,สกลนคร,17.290154,104.108582
2566,00204,มหาวิทยาลัยเกษตรศาสตร์ วิทยาเขตสุพรรณบุรี,มหาวิทยาลัยในกำกับรัฐ,วิทยาเขต,สุพรรณบุรี,14.425913,100.163330
2566,00210,มหาวิทยาลัยเกษตรศาสตร์ บางเขน,มหาวิทยาลัยในกำกับรัฐ,วิทยาเขตหลัก,กรุงเทพมหานคร,13.847050,100.57194
2566,00300,มหาวิทยาลัยขอนแก่น,มหาวิทยาลัยในกำกับรัฐ,วิทยาเขตหลัก,ขอนแก่น,16.465332,102.819955
2566,00301,มหาวิทยาลัยขอนแก่น วิทยาเขตหนองคาย,มหาวิทยาลัยในกำกับรัฐ,วิทยาเขต,หนองคาย,17.806542,102.744055
2566,00400,มหาวิทยาลัยเชียงใหม่,มหาวิทยาลัยในกำกับรัฐ,วิทยาเขตหลัก,เชียงใหม่,18.804651,98.955013
2566,00500,มหาวิทยาลัยธรรมศาสตร์,มหาวิทยาลัยในกำกับรัฐ,วิทยาเขตหลัก,กรุงเทพมหานคร,13.757404,100.48999
2566,00501,มหาวิทยาลัยธรรมศาสตร์ ศูนย์ลำปาง,มหาวิทยาลัยในกำกับรัฐ,วิทยาเขต,ลำปาง,18.317486,99.399214
2566,00502,มหาวิทยาลัยธรรมศาสตร์ ศูนยรังสิต,มหาวิทยาลัยในกำกับรัฐ,วิทยาเขต,ปทุมธานี,14.074175,100.602247
2566,00503,มหาวิทยาลัยธรรมศาสตร์ ศูนยถาวร-อุษา ประภา(ศูนย์พัทยา),มหาวิทยาลัยในกำกับรัฐ,วิทยาเขต,ชลบุรี,12.919351,100.9963
2566,00600,มหาวิทยาลัยมหิดล,มหาวิทยาลัยในกำกับรัฐ,วิทยาเขตหลัก,กรุงเทพมหานคร,13.7945827,100.321228
2566,00601,มหาวิทยาลัยมหิดล วิทยาเขตกาญจนบุรี,มหาวิทยาลัยในกำกับรัฐ,วิทยาเขต,กาญจนบุรี,14.1295061,99.1574478
2566,00602,มหาวิทยาลัยมหิดล วิทยาเขตนครสวรรค์ (โครงการจัดตั้งวิทยาเขต),มหาวิทยาลัยในกำกับรัฐ,วิทยาเขต,นครสวรรค์,15.5765538,100.154905
2566,00603,มหาวิทยาลัยมหิดล วิทยาเขตอำนาจเจริญ,มหาวิทยาลัยในกำกับรัฐ,วิทยาเขต,อำนาจเจริญ,15.8976961,104.621465
2566,00700,มหาวิทยาลัยรามคำแหง,มหาวิทยาลัยของรัฐ,วิทยาเขตหลัก,กรุงเทพมหานคร,13.756207,100.61661
2566,00701,มหาวิทยาลัยรามคำแหง วิทยาเขตบางนา,มหาวิทยาลัยของรัฐ,วิทยาเขต,กรุงเทพมหานคร,13.667771,100.61433
2566,00702,มหาวิทยาลัยรามคำแหง สาขาวิทยบริการเฉลิมพระเกียรติจังหวัดกาญจนบุรี,มหาวิทยาลัยของรัฐ,วิทยาเขต,กาญจนบุรี,14.311899,99.51681
2566,00703,มหาวิทยาลัยรามคำแหง สาขาวิทยบริการเฉลิมพระเกียรติจังหวัดขอนแก่น,มหาวิทยาลัยของรัฐ,วิทยาเขต,ขอนแก่น,16.055026,102.78934
2566,00704,มหาวิทยาลัยรามคำแหง สาขาวิทยบริการเฉลิมพระเกียรติจังหวัดชัยภูมิ,มหาวิทยาลัยของรัฐ,วิทยาเขต,ชัยภูมิ,15.407878,101.58755
2566,00705,มหาวิทยาลัยรามคำแหง สาขาวิทยบริการเฉลิมพระเกียรติจังหวัดเชียงราย,มหาวิทยาลัยของรัฐ,วิทยาเขต,เชียงราย,19.926291,99.86899
2566,00706,มหาวิทยาลัยรามคำแหง สาขาวิทยบริการเฉลิมพระเกียรติจังหวัดเชียงใหม่,มหาวิทยาลัยของรัฐ,วิทยาเขต,เชียงใหม่,18.811585,98.9701
2566,00707,มหาวิทยาลัยรามคำแหง สาขาวิทยบริการเฉลิมพระเกียรติจังหวัดตรัง,มหาวิทยาลัยของรัฐ,วิทยาเขต,ตรัง,7.528052,99.65099
2566,00708,มหาวิทยาลัยรามคำแหง สาขาวิทยบริการเฉลิมพระเกียรติจังหวัดนครพนม,มหาวิทยาลัยของรัฐ,วิทยาเขต,นครพนม,16.897626,104.49125
2566,00709,มหาวิทยาลัยรามคำแหง สาขาวิทยบริการเฉลิมพระเกียรติจังหวัดนครราชสีมา,มหาวิทยาลัยของรัฐ,วิทยาเขต,นครราชสีมา,14.800504,102.08868
2566,00710,มหาวิทยาลัยรามคำแหง สาขาวิทยบริการเฉลิมพระเกียรติจังหวัดนครศรีธรรมราช,มหาวิทยาลัยของรัฐ,วิทยาเขต,นครศรีธรรมราช,8.307815,99.91028
2566,00711,มหาวิทยาลัยรามคำแหง สาขาวิทยบริการเฉลิมพระเกียรติจังหวัดบุรีรัมย์,มหาวิทยาลัยของรัฐ,วิทยาเขต,บุรีรัมย์,14.982718,103.11432
2566,00712,มหาวิทยาลัยรามคำแหง สาขาวิทยบริการเฉลิมพระเกียรติจังหวัดปราจีนบุรี,มหาวิทยาลัยของรัฐ,วิทยาเขต,ปราจีนบุรี,14.111623,101.33267
2566,00713,มหาวิทยาลัยรามคำแหง สาขาวิทยบริการเฉลิมพระเกียรติจังหวัดพังงา,มหาวิทยาลัยของรัฐ,วิทยาเขต,พังงา,8.427536,98.23787
2566,00714,มหาวิทยาลัยรามคำแหง สาขาวิทยบริการเฉลิมพระเกียรติจังหวัดเพชรบูรณ์,มหาวิทยาลัยของรัฐ,วิทยาเขต,เพชรบูรณ์,16.801418,101.21181
2566,00715,มหาวิทยาลัยรามคำแหง สาขาวิทยบริการเฉลิมพระเกียรติจังหวัดแพร่,มหาวิทยาลัยของรัฐ,วิทยาเขต,แพร่,18.176511,100.10758
2566,00716,มหาวิทยาลัยรามคำแหง สาขาวิทยบริการเฉลิมพระเกียรติจังหวัดลพบุรี,มหาวิทยาลัยของรัฐ,วิทยาเขต,ลพบุรี,14.782523,100.64785
2566,00717,มหาวิทยาลัยรามคำแหง สาขาวิทยบริการเฉลิมพระเกียรติจังหวัดศรีสะเกษ,มหาวิทยาลัยของรัฐ,วิทยาเขต,ศรีสะเกษ,15.113675,104.26871
2566,00718,มหาวิทยาลัยรามคำแหง สาขาวิทยบริการเฉลิมพระเกียรติจังหวัดสงขลา,มหาวิทยาลัยของรัฐ,วิทยาเขต,สงขลา,6.941035,100.42727
2566,00719,มหาวิทยาลัยรามคำแหง สาขาวิทยบริการเฉลิมพระเกียรติจังหวัดสุโขทัย,มหาวิทยาลัยของรัฐ,วิทยาเขต,สุโขทัย,17.038214,99.64966
2566,00720,มหาวิทยาลัยรามคำแหง สาขาวิทยบริการเฉลิมพระเกียรติจังหวัดสุรินทร์,มหาวิทยาลัยของรัฐ,วิทยาเขต,สุรินทร์,14.914322,103.4566
2566,00721,มหาวิทยาลัยรามคำแหง สาขาวิทยบริการเฉลิมพระเกียรติจังหวัดหนองบัวลำภู,มหาวิทยาลัยของรัฐ,วิทยาเขต,หนองบัวลำภู,17.271009,102.32703
2566,00722,มหาวิทยาลัยรามคำแหง สาขาวิทยบริการเฉลิมพระเกียรติจังหวัดอำนาจเจริญ,มหาวิทยาลัยของรัฐ,วิทยาเขต,อำนาจเจริญ,15.789125,104.63736
2566,00723,มหาวิทยาลัยรามคำแหง สาขาวิทยบริการเฉลิมพระเกียรติจังหวัดอุดรธานี,มหาวิทยาลัยของรัฐ,วิทยาเขต,อุดรธานี,17.014805,102.9
2566,00724,มหาวิทยาลัยรามคำแหง สาขาวิทยบริการเฉลิมพระเกียรติจังหวัดอุทัยธานี,มหาวิทยาลัยของรัฐ,วิทยาเขต,อุทัยธานี,15.409684,100.04845
2566,00800,มหาวิทยาลัยศิลปากร,มหาวิทยาลัยในกำกับรัฐ,วิทยาเขตหลัก,กรุงเทพมหานคร,13.753013,100.49018
2566,00801,มหาวิทยาลัยศิลปากร วิทยาเขตพระราชวังสนามจันทร์,มหาวิทยาลัยในกำกับรัฐ,วิทยาเขต,นครปฐม,13.816954,100.042250
2566,00802,มหาวิทยาลัยศิลปากร วิทยาเขตสารสนเทศเพชรบุรี,มหาวิทยาลัยในกำกับรัฐ,วิทยาเขต,เพชรบุรี,12.647301,99.863264
2566,00803,มหาวิทยาลัยศิลปากร วิทยาเขตเมืองทองธานี,มหาวิทยาลัยในกำกับรัฐ,วิทยาเขต,นนทบุรี,13.91499,100.55191
2566,00900,มหาวิทยาลัยศรีนครินทรวิโรฒ,มหาวิทยาลัยในกำกับรัฐ,วิทยาเขตหลัก,กรุงเทพมหานคร,13.7421,100.56580
2566,00901,มหาวิทยาลัยศรีนครินทรวิโรฒ องครักษ์,มหาวิทยาลัยในกำกับรัฐ,วิทยาเขต,นครนายก, -, -
2566,01000,มหาวิทยาลัยสงขลานครินทร์,มหาวิทยาลัยในกำกับรัฐ,วิทยาเขตหลัก,สงขลา,07.009502,100.496220
2566,01001,มหาวิทยาลัยสงขลานครินทร์ วิทยาเขตภูเก็ต,มหาวิทยาลัยในกำกับรัฐ,วิทยาเขต,ภูเก็ต,07.895361,098.353416
2566,01002,มหาวิทยาลัยสงขลานครินทร์ วิทยาเขตสุราษฎร์ธานี,มหาวิทยาลัยในกำกับรัฐ,วิทยาเขต,สุราษฎร์ธานี,09.090822,099.354594
2566,01003,มหาวิทยาลัยสงขลานครินทร์ วิทยาเขตปัตตานี,มหาวิทยาลัยในกำกับรัฐ,วิทยาเขต,ปัตตานี,06.878406,101.237409
2566,01004,มหาวิทยาลัยสงขลานครินทร์ วิทยาเขตตรัง,มหาวิทยาลัยในกำกับรัฐ,วิทยาเขต,ตรัง,07.522511,099.578843
2566,01100,มหาวิทยาลัยสุโขทัยธรรมาธิราช,มหาวิทยาลัยของรัฐ,วิทยาเขตหลัก,นนทบุรี,13.91137,13.9114
2566,01101,มหาวิทยาลัยสุโขทัยธรรมาธิราช (ศูนย์วิทยบริการและชุมชนสัมพันธ์ มสธ. นนทบุรี),มหาวิทยาลัยของรัฐ,วิทยาเขต,นนทบุรี, -, -
2566,01102,มหาวิทยาลัยสุโขทัยธรรมาธิราช (ศูนย์วิทยบริการและชุมชนสัมพันธ์ มสธ. ลำปาง),มหาวิทยาลัยของรัฐ,วิทยาเขต,ลำปาง, -, -
2566,01103,มหาวิทยาลัยสุโขทัยธรรมาธิราช (ศูนย์วิทยบริการและชุมชนสัมพันธ์ มสธ. สุโขทัย),มหาวิทยาลัยของรัฐ,วิทยาเขต,สุโขทัย, -, -
2566,01104,มหาวิทยาลัยสุโขทัยธรรมาธิราช (ศูนย์วิทยบริการและชุมชนสัมพันธ์ มสธ. นครสวรรค์),มหาวิทยาลัยของรัฐ,วิทยาเขต,นครสวรรค์, -, -
2566,01105,มหาวิทยาลัยสุโขทัยธรรมาธิราช (ศูนย์วิทยบริการและชุมชนสัมพันธ์ มสธ. อุดรธานี),มหาวิทยาลัยของรัฐ,วิทยาเขต,อุดรธานี, -, -
2566,01106,มหาวิทยาลัยสุโขทัยธรรมาธิราช (ศูนย์วิทยบริการและชุมชนสัมพันธ์ มสธ. อุบลราชธานี),มหาวิทยาลัยของรัฐ,วิทยาเขต,อุบลราชธานี, -, -
2566,01107,มหาวิทยาลัยสุโขทัยธรรมาธิราช (ศูนย์วิทยบริการและชุมชนสัมพันธ์ มสธ. นครนายก),มหาวิทยาลัยของรัฐ,วิทยาเขต,นครนายก, -, -
2566,01108,มหาวิทยาลัยสุโขทัยธรรมาธิราช (ศูนย์วิทยบริการและชุมชนสัมพันธ์ มสธ. เพชรบุรี),มหาวิทยาลัยของรัฐ,วิทยาเขต,เพชรบุรี, -, -
2566,01109,มหาวิทยาลัยสุโขทัยธรรมาธิราช (ศูนย์วิทยบริการและชุมชนสัมพันธ์ มสธ. จันทบุรี),มหาวิทยาลัยของรัฐ,วิทยาเขต,จันทบุรี, -, -
2566,01110,มหาวิทยาลัยสุโขทัยธรรมาธิราช (ศูนย์วิทยบริการและชุมชนสัมพันธ์ มสธ. นครศรีธรรมราช),มหาวิทยาลัยของรัฐ,วิทยาเขต,นครศรีธรรมราช, -, -
2566,01111,มหาวิทยาลัยสุโขทัยธรรมาธิราช (ศูนย์วิทยบริการและชุมชนสัมพันธ์ มสธ. ยะลา),มหาวิทยาลัยของรัฐ,วิทยาเขต,ยะลา, -, -
2566,01200,สถาบันบัณฑิตพัฒนบริหารศาสตร์,มหาวิทยาลัยในกำกับรัฐ,วิทยาเขตหลัก,กรุงเทพมหานคร,13.771175,100.625302
2566,01201,สถาบันบัณฑิตพัฒนบริหารศาสตร์ วิทยาเขตชลบุรี,มหาวิทยาลัยในกำกับรัฐ,วิทยาเขต,ชลบุรี,13.043787,100.919325
2566,01202,สถาบันบัณฑิตพัฒนบริหารศาสตร์ วิทยาเขตนครราชสีมา,มหาวิทยาลัยในกำกับรัฐ,วิทยาเขต,นครราชสีมา,14.853815,101.663835
2566,01203,สถาบันบัณฑิตพัฒนบริหารศาสตร์ วิทยาเขตอุบลราชธานี,มหาวิทยาลัยในกำกับรัฐ,วิทยาเขต,อุบลราชธานี, -, -
2566,01204,สถาบันบัณฑิตพัฒนบริหารศาสตร์ วิทยาเขตอุดรธานี,มหาวิทยาลัยในกำกับรัฐ,วิทยาเขต,อุดรธานี,17.406356,102.794531
2566,01205,สถาบันบัณฑิตพัฒนบริหารศาสตร์ วิทยาเขตลำพูน,มหาวิทยาลัยในกำกับรัฐ,วิทยาเขต,ลำพูน, -, -
2566,01206,สถาบันบัณฑิตพัฒนบริหารศาสตร์ วิทยาเขตเชียงราย,มหาวิทยาลัยในกำกับรัฐ,วิทยาเขต,เชียงราย, -, -
2566,01207,สถาบันบัณฑิตพัฒนบริหารศาสตร์ วิทยาเขตพิษณุโลก,มหาวิทยาลัยในกำกับรัฐ,วิทยาเขต,พิษณุโลก,16.766696,100.263100
2566,01208,สถาบันบัณฑิตพัฒนบริหารศาสตร์ วิทยาเขตภูเก็ต,มหาวิทยาลัยในกำกับรัฐ,วิทยาเขต,ภูเก็ต,7.869863,98.392133
2566,01209,สถาบันบัณฑิตพัฒนบริหารศาสตร์ วิทยาเขตสุราษฎร์ธานี,มหาวิทยาลัยในกำกับรัฐ,วิทยาเขต,สุราษฎร์ธานี,9.126302,99.317526
2566,01210,สถาบันบัณฑิตพัฒนบริหารศาสตร์ วิทยาเขตหาดใหญ่,มหาวิทยาลัยในกำกับรัฐ,วิทยาเขต,สงขลา, -, -
2566,01211,สถาบันบัณฑิตพัฒนบริหารศาสตร์ วิทยาเขตยะลา,มหาวิทยาลัยในกำกับรัฐ,วิทยาเขต,ยะลา,6.546278,101.279140
2566,01212,สถาบันบัณฑิตพัฒนบริหารศาสตร์ จังหวัดระยอง,มหาวิทยาลัยในกำกับรัฐ,วิทยาเขต,ระยอง,12.678594,101.132849
2566,01300,มหาวิทยาลัยแม่โจ้,มหาวิทยาลัยในกำกับรัฐ,วิทยาเขตหลัก,เชียงใหม่,18.89624,99.00946
2566,01301,มหาวิทยาลัยแม่โจ้ - แพร่ ฉลิมพระเกียรติ,มหาวิทยาลัยในกำกับรัฐ,วิทยาเขต,แพร่,18.36062,100.3155
2566,01302,มหาวิทยาลัยแม่โจ้ - ชุมพร,มหาวิทยาลัยในกำกับรัฐ,วิทยาเขต,ชุมพร,9.772001,99.14162
2566,01400,มหาวิทยาลัยเทคโนโลยีพระจอมเกล้าธนบุรี,มหาวิทยาลัยในกำกับรัฐ,วิทยาเขตหลัก,กรุงเทพมหานคร,13.652383,100.49387
2566,01401,มหาวิทยาลัยเทคโนโลยีพระจอมเกล้าธนบุรี วิทยาเขตราชบุรี,มหาวิทยาลัยในกำกับรัฐ,วิทยาเขต,ราชบุรี,13.652383,100.493872
2566,01402,มหาวิทยาลัยเทคโนโลยีพระจอมเกล้าธนบุรี วิทยาเขตบางขุนเทียน,มหาวิทยาลัยในกำกับรัฐ,วิทยาเขต,กรุงเทพมหานคร, -, -
2566,01500,มหาวิทยาลัยเทคโนโลยีพระจอมเกล้าพระนครเหนือ,มหาวิทยาลัยในกำกับรัฐ,วิทยาเขตหลัก,กรุงเทพมหานคร,13.818789,100.30517
2566,01501,มหาวิทยาลัยเทคโนโลยีพระจอมเกล้าพระนครเหนือ วิทยาเขตปราจีนบุรี,มหาวิทยาลัยในกำกับรัฐ,วิทยาเขต,ปราจีนบุรี,14.159232,101.20567
2566,01502,มหาวิทยาลัยเทคโนโลยีพระจอมเกล้าพระนครเหนือ วิทยาเขตระยอง,มหาวิทยาลัยในกำกับรัฐ,วิทยาเขต,ระยอง,12.823758,101.12553
2566,01600,สถาบันเทคโนโลยีพระจอมเกล้าเจ้าคุณทหารลาดกระบัง,มหาวิทยาลัยในกำกับรัฐ,วิทยาเขตหลัก,กรุงเทพมหานคร,13.730066,100.77830
2566,01601,สถาบันเทคโนโลยีพระจอมเกล้าเจ้าคุณทหารลาดกระบัง วิทยาเขตชุมพรเขตอุดมศักดิ์,มหาวิทยาลัยในกำกับรัฐ,วิทยาเขต,ชุมพร,10.723583,99.375309
2566,01700,มหาวิทยาลัยเทคโนโลยีสุรนารี,มหาวิทยาลัยในกำกับรัฐ,วิทยาเขตหลัก,นครราชสีมา,14.872917,102.02370
2566,01800,มหาวิทยาลัยอุบลราชธานี,มหาวิทยาลัยของรัฐ,วิทยาเขตหลัก,อุบลราชธานี,15.117302,104.90284
2566,01802,มหาวิทยาลัยอุบลราชธานี วิทยาเขตมุกดาหาร,มหาวิทยาลัยของรัฐ,วิทยาเขต,มุกดาหาร, -, -
2566,01900,มหาวิทยาลัยบูรพา,มหาวิทยาลัยในกำกับรัฐ,วิทยาเขตหลัก,ชลบุรี,13.282982,100.924738
2566,01901,มหาวิทยาลัยบูรพา วิทยาเขตสารสนเทศจันทบุรี,มหาวิทยาลัยในกำกับรัฐ,วิทยาเขต,จันทบุรี,12.61271,101.929321
2566,01902,มหาวิทยาลัยบูรพา วิทยาเขตสารสนเทศสระแก้ว,มหาวิทยาลัยในกำกับรัฐ,วิทยาเขต,สระแก้ว,13.738886,102.315933
2566,02000,มหาวิทยาลัยนเรศวร,มหาวิทยาลัยของรัฐ,วิทยาเขตหลัก,พิษณุโลก,16.739784,100.19050
2566,02100,มหาวิทยาลัยมหาสารคาม,มหาวิทยาลัยของรัฐ,วิทยาเขตหลัก,มหาสารคาม,16.244383,103.24948
2566,02200,มหาวิทยาลัยทักษิณ,มหาวิทยาลัยในกำกับรัฐ,วิทยาเขตหลัก,สงขลา,7.16332,100.61036
2566,02201,มหาวิทยาลัยทักษิณ วิทยาเขตพัทลุง,มหาวิทยาลัยในกำกับรัฐ,วิทยาเขต,พัทลุง,7.80864,99.94918
2566,02202,มหาวิทยาลัยทักษิณ วิทยาเขตสงขลา,มหาวิทยาลัยในกำกับรัฐ,วิทยาเขต,สงขลา, -, -
2566,02300,มหาวิทยาลัยวลัยลักษณ์,มหาวิทยาลัยในกำกับรัฐ,วิทยาเขตหลัก,นครศรีธรรมราช,08.6415619,99.8273218
2566,02400,มหาวิทยาลัยแม่ฟ้าหลวง,มหาวิทยาลัยในกำกับรัฐ,วิทยาเขตหลัก,เชียงราย,20.04489,99.878202
2566,02500,มหาวิทยาลัยนราธิวาสราชนครินทร์,มหาวิทยาลัยของรัฐ,วิทยาเขตหลัก,นราธิวาส,6.42307,101.826193
2566,02600,มหาวิทยาลัยนครพนม,มหาวิทยาลัยของรัฐ,วิทยาเขตหลัก,นครพนม,17.3182,104.6863
2566,02700,มหาวิทยาลัยพะเยา,มหาวิทยาลัยในกำกับรัฐ,วิทยาเขตหลัก,พะเยา,19.030740,99.925523
2566,05100,มหาวิทยาลัยกรุงเทพ,มหาวิทยาลัยเอกชน,วิทยาเขตหลัก,ปทุมธานี,14.04009,100.61681
2566,05101,มหาวิทยาลัยกรุงเทพ วิทยาเขตรังสิต,มหาวิทยาลัยเอกชน,วิทยาเขต,ปทุมธานี, -, -
2566,05300,มหาวิทยาลัยพายัพ,มหาวิทยาลัยเอกชน,วิทยาเขตหลัก,เชียงใหม่,18.795535,99.0314
2566,05400,มหาวิทยาลัยศรีปทุม,มหาวิทยาลัยเอกชน,วิทยาเขตหลัก,กรุงเทพมหานคร,13.85562,100.5852
2566,05401,มหาวิทยาลัยศรีปทุม วิทยาเขตชลบุรี,มหาวิทยาลัยเอกชน,วิทยาเขต,ชลบุรี,13.410328,100.988498
2566,05402,มหาวิทยาลัยศรีปทุม วิทยาเขตขอนแก่น,มหาวิทยาลัยเอกชน,วิทยาเขต,ขอนแก่น,16.427148,102.852707
2566,05600,มหาวิทยาลัยหอการค้าไทย,มหาวิทยาลัยเอกชน,วิทยาเขตหลัก,กรุงเทพมหานคร,13.7798677,100.560311
2566,05700,มหาวิทยาลัยเกริก,มหาวิทยาลัยเอกชน,วิทยาเขตหลัก,กรุงเทพมหานคร,15.721413,100.05226
2566,05900,มหาวิทยาลัยคริสเตียน,มหาวิทยาลัยเอกชน,วิทยาเขตหลัก,นครปฐม,13.7031222,100.0758314
2566,06000,มหาวิทยาลัยเซนต์จอห์น,มหาวิทยาลัยเอกชน,วิทยาเขตหลัก,กรุงเทพมหานคร,13.811839,100.56355
2566,06100,มหาวิทยาลัยเทคโนโลยีมหานคร,มหาวิทยาลัยเอกชน,วิทยาเขตหลัก,กรุงเทพมหานคร,13.845017,100.85818
2566,06800,มหาวิทยาลัยรังสิต,มหาวิทยาลัยเอกชน,วิทยาเขตหลัก,ปทุมธานี,13.965318,100.58722
2566,07300,มหาวิทยาลัยหัวเฉียวเฉลิมพระเกียรติ,มหาวิทยาลัยเอกชน,วิทยาเขตหลัก,สมุทรปราการ,13.613710,100.75862
2566,07400,มหาวิทยาลัยอัสสัมชัญ,มหาวิทยาลัยเอกชน,วิทยาเขตหลัก,กรุงเทพมหานคร,13.754994,100.62766
2566,07401,มหาวิทยาลัยอัสสัมชัญ วิทยาเขตสุวรรณภูมิ,มหาวิทยาลัยเอกชน,วิทยาเขต,สมุทรปราการ,13.611613,100.837916
2566,08300,มหาวิทยาลัยราชธานี,มหาวิทยาลัยเอกชน,วิทยาเขตหลัก,อุบลราชธานี,15.236400,104.81669
2566,08301,มหาวิทยาลัยราชธานี วิทยาเขตอุดรธานี,มหาวิทยาลัยเอกชน,วิทยาเขต,อุดรธานี,17.369698,102.824423
2566,09000,มหาวิทยาลัยธนบุรี,มหาวิทยาลัยเอกชน,วิทยาเขตหลัก,กรุงเทพมหานคร,13.716159,100.34714
2566,09001,มหาวิทยาลัยธนบุรี วิทยาเขตภาคเหนือ จังหวัดลำพูน,มหาวิทยาลัยเอกชน,วิทยาเขต,ลำพูน,18.632263,99.058230
2566,10000,มหาวิทยาลัยเจ้าพระยา,มหาวิทยาลัยเอกชน,วิทยาเขตหลัก,นครสวรรค์,15.733380,100.05879
2566,10100,มหาวิทยาลัยชินวัตร,มหาวิทยาลัยเอกชน,วิทยาเขตหลัก,ปทุมธานี,14.101489,100.43209
2566,10200,มหาวิทยาลัยเวสเทิร์น,มหาวิทยาลัยเอกชน,วิทยาเขตหลัก,กาญจนบุรี,14.347636,99.808374
2566,10201,มหาวิทยาลัยเวสเทิร์น วัชรพล,มหาวิทยาลัยเอกชน,วิทยาเขต,ปทุมธานี, -, -
2566,10202,มหาวิทยาลัยเวสเทิร์น บุรีรัมย์,มหาวิทยาลัยเอกชน,วิทยาเขต,บุรีรัมย์, -, -
2566,10203,มหาวิทยาลัยเวสเทิร์น กาญจนบุรี,มหาวิทยาลัยเอกชน,วิทยาเขต,กาญจนบุรี, -, -
2566,10300,มหาวิทยาลัยธุรกิจบัณฑิตย์,มหาวิทยาลัยเอกชน,วิทยาเขตหลัก,กรุงเทพมหานคร,13.870298,100.550769
2566,10400,มหาวิทยาลัยภาคตะวันออกเฉียงเหนือ,มหาวิทยาลัยเอกชน,วิทยาเขตหลัก,ขอนแก่น,16.431958,102.81719
2566,10500,มหาวิทยาลัยฟาร์อีสเทอร์น,มหาวิทยาลัยเอกชน,วิทยาเขตหลัก,เชียงใหม่,18.771245,98.975361
2566,10600,มหาวิทยาลัยภาคกลาง,มหาวิทยาลัยเอกชน,วิทยาเขตหลัก,นครสวรรค์,15.6973861,100.1122156
2566,10700,มหาวิทยาลัยวงษ์ชวลิตกุล,มหาวิทยาลัยเอกชน,วิทยาเขตหลัก,นครราชสีมา,15.002384,102.11736
2566,11000,วิทยาลัยสันตพล,วิทยาลัยเอกชน,วิทยาเขตหลัก,อุดรธานี,17.388034,102.82758
2566,11100,มหาวิทยาลัยเอเชียอาคเนย์,มหาวิทยาลัยเอกชน,วิทยาเขตหลัก,กรุงเทพมหานคร,13.707463,100.35674
2566,11200,มหาวิทยาลัยอีสเทิร์นเอเชีย,มหาวิทยาลัยเอกชน,วิทยาเขตหลัก,ปทุมธานี,13.9999539,100.7192352
2566,11300,มหาวิทยาลัยกรุงเทพธนบุรี,มหาวิทยาลัยเอกชน,วิทยาเขตหลัก,กรุงเทพมหานคร,13.768469,100.34459
2566,11400,มหาวิทยาลัยนานาชาติเซนต์เทเรซา,มหาวิทยาลัยเอกชน,วิทยาเขตหลัก,นครนายก,14.088457,100.93203
2566,11500,วิทยาลัยเซนต์หลุยส์,วิทยาลัยเอกชน,วิทยาเขตหลัก,กรุงเทพมหานคร,13.71838,100.52565
2566,11600,มหาวิทยาลัยเซาธ์อีสท์บางกอก,มหาวิทยาลัยเอกชน,วิทยาเขตหลัก,กรุงเทพมหานคร,13.674380,100.600624
2566,11700,วิทยาลัยดุสิตธานี,มหาวิทยาลัยเอกชน,วิทยาเขตหลัก,กรุงเทพมหานคร,13.696924,100.64879
2566,11701,วิทยาลัยดุสิตธานี ศูนย์การศึกษาเมืองพัทยา,วิทยาลัยเอกชน,วิทยาเขต,ชลบุรี,12.963558,100.909639
2566,11800,มหาวิทยาลัยตาปี,มหาวิทยาลัยเอกชน,วิทยาเขตหลัก,สุราษฎร์ธานี,9.126889,99.318132
2566,11900,วิทยาลัยทองสุข,วิทยาลัยเอกชน,วิทยาเขตหลัก,กรุงเทพมหานคร,13.785702,100.39877
2566,12000,วิทยาลัยเทคโนโลยีภาคใต้,วิทยาลัยเอกชน,วิทยาเขตหลัก,นครศรีธรรมราช,8.12807,99.67322
2566,12200,มหาวิทยาลัยนอร์ทกรุงเทพ,มหาวิทยาลัยเอกชน,วิทยาเขตหลัก,กรุงเทพมหานคร,13.893806,100.616075
2566,12300,มหาวิทยาลัยนอร์ท-เชียงใหม่,มหาวิทยาลัยเอกชน,วิทยาเขตหลัก,เชียงใหม่,18.656431,98.908186
2566,12400,มหาวิทยาลัยนานาชาติแสตมฟอร์ด,มหาวิทยาลัยเอกชน,วิทยาเขตหลัก,เพชรบุรี,12.6392678,99.9179791
2566,12600,วิทยาลัยบัณฑิตเอเชีย,วิทยาลัยเอกชน,วิทยาเขตหลัก,ขอนแก่น,16.43505,102.86077
2566,12700,มหาวิทยาลัยปทุมธานี,มหาวิทยาลัยเอกชน,วิทยาเขตหลัก,ปทุมธานี,14.016101,100.55219
2566,12800,มหาวิทยาลัยการจัดการและเทคโนโลยีอีสเทิร์น,มหาวิทยาลัยเอกชน,วิทยาเขตหลัก,อุบลราชธานี,15.865923,104.635463
2566,12900,มหาวิทยาลัยนานาชาติเอเชีย-แปซิฟิก,มหาวิทยาลัยเอกชน,วิทยาเขตหลัก,สระบุรี,14.674417,101.17686
2566,12901,มหาวิทยาลัยนานาชาติเอเชีย-แปซิฟิก วิทยาเขตกรุงเทพฯ,มหาวิทยาลัยเอกชน,วิทยาเขต,กรุงเทพมหานคร,13.87966,100.56133
2566,13000,มหาวิทยาลัยหาดใหญ่,มหาวิทยาลัยเอกชน,วิทยาเขตหลัก,สงขลา,06.981184,100.46804
2566,13100,มหาวิทยาลัยเนชั่น,มหาวิทยาลัยเอกชน,วิทยาเขตหลัก,ลำปาง,18.258197,99.537922
2566,13200,สถาบันรัชต์ภาคย์,สถาบันเอกชน,วิทยาเขตหลัก,กรุงเทพมหานคร,13.760796,100.603701
2566,13201,สถาบันรัชต์ภาคย์ วิทยาเขตยะลา,สถาบันเอกชน,วิทยาเขต,ยะลา,60.509563,101.276671
2566,13300,มหาวิทยาลัยรัตนบัณฑิต,มหาวิทยาลัยเอกชน,วิทยาเขตหลัก,กรุงเทพมหานคร,13.787136,100.63052
2566,13301,มหาวิทยาลัยรัตนบัณฑิต วิทยาเขตปทุมธานี,มหาวิทยาลัยเอกชน,วิทยาเขต,ปทุมธานี, -, -
2566,13400,วิทยาลัยนอร์ทเทิร์น,วิทยาลัยเอกชน,วิทยาเขตหลัก,ตาก,16.850094,16.850094
2566,13600,วิทยาลัยแสงธรรม,วิทยาลัยเอกชน,วิทยาเขตหลัก,นครปฐม,13.713108,100.26269
2566,13601,วิทยาลัยแสงธรรม วิทยาเขตเซเวียร์,วิทยาลัยเอกชน,วิทยาเขต,เชียงราย,20.213489,100.060598
2566,13700,มหาวิทยาลัยฟาฏอนี,มหาวิทยาลัยเอกชน,วิทยาเขตหลัก,ปัตตานี,6.599822,101.34375
2566,13900,มหาวิทยาลัยราชภัฏกาญจนบุรี,มหาวิทยาลัยของรัฐ,วิทยาเขตหลัก,กาญจนบุรี,14.061557,99.424813
2566,14000,มหาวิทยาลัยกาฬสินธุ์,มหาวิทยาลัยของรัฐ,วิทยาเขตหลัก,กาฬสินธุ์,16.45327,99.514097
2566,14100,มหาวิทยาลัยราชภัฏกำแพงเพชร,มหาวิทยาลัยของรัฐ,วิทยาเขตหลัก,กำแพงเพชร,16.452731,99.514484
2566,14200,มหาวิทยาลัยราชภัฏชัยภูมิ,มหาวิทยาลัยของรัฐ,วิทยาเขตหลัก,ชัยภูมิ,15.929722,102.018608
2566,14300,มหาวิทยาลัยราชภัฏเชียงราย,มหาวิทยาลัยของรัฐ,วิทยาเขตหลัก,เชียงราย,19.980603,99.851223
2566,14400,มหาวิทยาลัยราชภัฏเชียงใหม่,มหาวิทยาลัยของรัฐ,วิทยาเขตหลัก,เชียงใหม่,18.806940,098.986250
2566,14401,มหาวิทยาลัยราชภัฏเชียงใหม่ วิทยาเขตแม่ฮ่องสอน,มหาวิทยาลัยของรัฐ,วิทยาเขต,แม่ฮ่องสอน, -, -
2566,14500,มหาวิทยาลัยราชภัฏเทพสตรี,มหาวิทยาลัยของรัฐ,วิทยาเขตหลัก,ลพบุรี,14.799921,100.62209
2566,14600,มหาวิทยาลัยราชภัฏธนบุรี,มหาวิทยาลัยของรัฐ,วิทยาเขตหลัก,กรุงเทพมหานคร,13.733727,100.491260
2566,14700,มหาวิทยาลัยราชภัฏนครปฐม,มหาวิทยาลัยของรัฐ,วิทยาเขตหลัก,นครปฐม,13.837847,100.028836
2566,14800,มหาวิทยาลัยราชภัฏนครราชสีมา,มหาวิทยาลัยของรัฐ,วิทยาเขตหลัก,นครราชสีมา,14.9846388,102.113701
2566,14900,มหาวิทยาลัยราชภัฏนครศรีธรรมราช,มหาวิทยาลัยของรัฐ,วิทยาเขตหลัก,นครศรีธรรมราช,8.8297614,99.7496905
2566,15000,มหาวิทยาลัยราชภัฏพระนคร,มหาวิทยาลัยของรัฐ,วิทยาเขตหลัก,กรุงเทพมหานคร,13.8768,100.5906
2566,15100,มหาวิทยาลัยราชภัฏพระนครศรีอยุธยา,มหาวิทยาลัยของรัฐ,วิทยาเขตหลัก,พระนครศรีอยุธยา,14.346211,100.564545
2566,15200,มหาวิทยาลัยราชภัฏพิบูลสงคราม,มหาวิทยาลัยของรัฐ,วิทยาเขตหลัก,พิษณุโลก,16.828797,100.205779
2566,15300,มหาวิทยาลัยราชภัฏวไลยอลงกรณ์ ในพระบรมราชูปถัมภ์,มหาวิทยาลัยของรัฐ,วิทยาเขตหลัก,ปทุมธานี,14.133341,100.61589
2566,15400,มหาวิทยาลัยราชภัฏเพชรบูรณ์,มหาวิทยาลัยของรัฐ,วิทยาเขตหลัก,เพชรบูรณ์,16.450787,101.150992
2566,15500,มหาวิทยาลัยราชภัฏภูเก็ต,มหาวิทยาลัยของรัฐ,วิทยาเขตหลัก,ภูเก็ต,7.90896,98.388977
2566,15600,มหาวิทยาลัยราชภัฏมหาสารคาม,มหาวิทยาลัยของรัฐ,วิทยาเขตหลัก,มหาสารคาม,16.200743,103.270903
2566,15700,มหาวิทยาลัยราชภัฏยะลา,มหาวิทยาลัยของรัฐ,วิทยาเขตหลัก,ยะลา,6.548432,101.289419
2566,15800,มหาวิทยาลัยราชภัฏร้อยเอ็ด,มหาวิทยาลัยของรัฐ,วิทยาเขตหลัก,ร้อยเอ็ด,16.140630,103.878267
2566,15900,มหาวิทยาลัยราชภัฏราชนครินทร์,มหาวิทยาลัยของรัฐ,วิทยาเขตหลัก,ฉะเชิงเทรา,13.6769,101.07039
2566,16000,มหาวิทยาลัยราชภัฏรำไพพรรณี,มหาวิทยาลัยของรัฐ,วิทยาเขตหลัก,จันทบุรี,12.664858,102.10309
2566,16100,มหาวิทยาลัยราชภัฏลำปาง,มหาวิทยาลัยของรัฐ,วิทยาเขตหลัก,ลำปาง,18.235108,099.48750
2566,16200,มหาวิทยาลัยราชภัฏเลย,มหาวิทยาลัยของรัฐ,วิทยาเขตหลัก,เลย,17.538654,101.721488
2566,16300,มหาวิทยาลัยราชภัฏศรีสะเกษ,มหาวิทยาลัยของรัฐ,วิทยาเขตหลัก,ศรีสะเกษ,15.11554,104.36068
2566,16400,มหาวิทยาลัยราชภัฏสงขลา,มหาวิทยาลัยของรัฐ,วิทยาเขตหลัก,สงขลา,07.171360,100.61154
2566,16401,มหาวิทยาลัยราชภัฏสงขลา วิทยาเขตสตูล,มหาวิทยาลัยของรัฐ,วิทยาเขต,สตูล, -, -
2566,16500,มหาวิทยาลัยสวนดุสิต,มหาวิทยาลัยในกำกับรัฐ,วิทยาเขตหลัก,กรุงเทพมหานคร,13.776825,100.510747
2566,16501,มหาวิทยาลัยสวนดุสิต วิทยาเขตสุพรรณบุรี,มหาวิทยาลัยในกำกับรัฐ,วิทยาเขต,สุพรรณบุรี,14.462111,100.208417
2566,16502,มหาวิทยาลัยสวนดุสิต ศูนย์การศึกษา ลำปาง,มหาวิทยาลัยในกำกับรัฐ,วิทยาเขต,ลำปาง,18.283825,99.474885
2566,16503,มหาวิทยาลัยสวนดุสิต ศูนย์การศึกษา นครนายก,มหาวิทยาลัยในกำกับรัฐ,วิทยาเขต,นครนายก,14.196090,101.220729
2566,16504,มหาวิทยาลัยสวนดุสิต ศูนย์การศึกษา ตรัง,มหาวิทยาลัยในกำกับรัฐ,วิทยาเขต,ตรัง,7.797671,99.613267
2566,16505,มหาวิทยาลัยสวนดุสิต ศูนย์การศึกษา หัวหิน,มหาวิทยาลัยในกำกับรัฐ,วิทยาเขต,ประจวบคีรีขันธ์,12.627138,99.950222
2566,16600,มหาวิทยาลัยราชภัฏสวนสุนันทา,มหาวิทยาลัยของรัฐ,วิทยาเขตหลัก,กรุงเทพมหานคร,13.7759,100.50921
2566,16601,มหาวิทยาลัยราชภัฏสวนสุนันทา วิทยาเขตนครปฐม,มหาวิทยาลัยของรัฐ,วิทยาเขต,นครปฐม, -, -
2566,16602,มหาวิทยาลัยราชภัฏสวนสุนันทา วิทยาเขตสมุทรสงคราม,มหาวิทยาลัยของรัฐ,วิทยาเขต,สมุทรสงคราม, -, -
2566,16603,มหาวิทยาลัยราชภัฏสวนสุนันทา ศูนย์การศึกษาจังหวัดระนอง,มหาวิทยาลัยของรัฐ,วิทยาเขต,ระนอง, -, -
2566,16604,มหาวิทยาลัยราชภัฏสวนสุนันทา ศูนย์การศึกษาจังหวัดอุดรธานี,มหาวิทยาลัยของรัฐ,วิทยาเขต,อุดรธานี, -, -
2566,16700,มหาวิทยาลัยราชภัฏสุรินทร์,มหาวิทยาลัยของรัฐ,วิทยาเขตหลัก,สุรินทร์,14.859419,103.487176
2566,16800,มหาวิทยาลัยราชภัฏหมู่บ้านจอมบึง,มหาวิทยาลัยของรัฐ,วิทยาเขตหลัก,ราชบุรี,13.620356,99.587530
2566,16900,มหาวิทยาลัยราชภัฏอุดรธานี,มหาวิทยาลัยของรัฐ,วิทยาเขตหลัก,อุดรธานี,17.397531,102.794519
2566,16901,มหาวิทยาลัยราชภัฏอุดรธานี ศูนย์การศึกษาบึงกาฬ,มหาวิทยาลัยของรัฐ,วิทยาเขต,บึงกาฬ,,
2566,17000,มหาวิทยาลัยราชภัฏอุตรดิตถ์,มหาวิทยาลัยของรัฐ,วิทยาเขตหลัก,อุตรดิตถ์,17.633550,100.093463
2566,17100,มหาวิทยาลัยราชภัฏอุบลราชธานี,มหาวิทยาลัยของรัฐ,วิทยาเขตหลัก,อุบลราชธานี,15.2467,104.847571
2566,17200,มหาวิทยาลัยราชภัฏนครสวรรค์,มหาวิทยาลัยของรัฐ,วิทยาเขตหลัก,นครสวรรค์,15.687869,100.106507
2566,17300,มหาวิทยาลัยราชภัฏสุราษฏร์ธานี,มหาวิทยาลัยของรัฐ,วิทยาเขตหลัก,สุราษฎร์ธานี,9.0849275,99.3593296
2566,17400,มหาวิทยาลัยราชภัฏบ้านสมเด็จเจ้าพระยา,มหาวิทยาลัยของรัฐ,วิทยาเขตหลัก,กรุงเทพมหานคร,13.733087,100.489487
2566,17500,มหาวิทยาลัยราชภัฏสกลนคร,มหาวิทยาลัยของรัฐ,วิทยาเขตหลัก,สกลนคร,17.189867,104.090194
2566,17600,มหาวิทยาลัยราชภัฏบุรีรัมย์,มหาวิทยาลัยของรัฐ,วิทยาเขตหลัก,บุรีรัมย์,14.990178,103.102277
2566,17700,มหาวิทยาลัยราชภัฏจันทรเกษม,มหาวิทยาลัยของรัฐ,วิทยาเขตหลัก,กรุงเทพมหานคร,13.818926,100.577307
2566,17900,มหาวิทยาลัยราชภัฏเพชรบุรี,มหาวิทยาลัยของรัฐ,วิทยาเขตหลัก,เพชรบุรี,13.070441,99.977606
2566,18000,มหาวิทยาลัยเกษมบัณฑิต,มหาวิทยาลัยเอกชน,วิทยาเขตหลัก,กรุงเทพมหานคร,13.8037825,100.737208
2566,18001,มหาวิทยาลัยเกษมบัณฑิต พัฒนาการ,มหาวิทยาลัยเอกชน,วิทยาเขต,กรุงเทพมหานคร,13.7392835,100.624298
2566,18100,มหาวิทยาลัยสยาม,มหาวิทยาลัยเอกชน,วิทยาเขตหลัก,กรุงเทพมหานคร,13.718532,100.452766
2566,18200,วิทยาลัยเชียงราย,วิทยาลัยเอกชน,วิทยาเขตหลัก,เชียงราย,19.826929,99.776987
2566,18300,มหาวิทยาลัยพิษณุโลก,มหาวิทยาลัยเอกชน,วิทยาเขตหลัก,พิษณุโลก,16.7812991,100.3057035
2566,18400,วิทยาลัยพุทธศาสนานานาชาติ,วิทยาลัยเอกชน,วิทยาเขตหลัก,สงขลา,6.7827533,100.3936793
2566,18500,มหาวิทยาลัยมหาจุฬาลงกรณราชวิทยาลัย,มหาวิทยาลัยในกำกับรัฐ,วิทยาเขตหลัก,กรุงเทพมหานคร,14.191564,100.634487
2566,18501,มหาวิทยาลัยมหาจุฬาลงกรณราชวิทยาลัย วิทยาเขตหนองคาย,มหาวิทยาลัยในกำกับรัฐ,วิทยาเขต,หนองคาย, -, -
2566,18502,มหาวิทยาลัยมหาจุฬาลงกรณราชวิทยาลัย วิทยาเขตนครศรีธรรมราช,มหาวิทยาลัยในกำกับรัฐ,วิทยาเขต,นครศรีธรรมราช, -, -
2566,18503,มหาวิทยาลัยมหาจุฬาลงกรณราชวิทยาลัย วิทยาเขตเชียงใหม่,มหาวิทยาลัยในกำกับรัฐ,วิทยาเขต,เชียงใหม่, -, -
2566,18504,มหาวิทยาลัยมหาจุฬาลงกรณราชวิทยาลัย วิทยาเขตขอนแก่น,มหาวิทยาลัยในกำกับรัฐ,วิทยาเขต,ขอนแก่น,16.4692844,102.942446
2566,18505,มหาวิทยาลัยมหาจุฬาลงกรณราชวิทยาลัย วิทยาเขตนครราชสีมา,มหาวิทยาลัยในกำกับรัฐ,วิทยาเขต,นครราชสีมา, -, -
2566,18506,มหาวิทยาลัยมหาจุฬาลงกรณราชวิทยาลัย วิทยาเขตอุบลราชธานี,มหาวิทยาลัยในกำกับรัฐ,วิทยาเขต,อุบลราชธานี, -, -
2566,18507,มหาวิทยาลัยมหาจุฬาลงกรณราชวิทยาลัย วิทยาเขตแพร่,มหาวิทยาลัยในกำกับรัฐ,วิทยาเขต,แพร่,18.2468894,100.2224383
2566,18508,มหาวิทยาลัยมหาจุฬาลงกรณราชวิทยาลัย วิทยาเขตสุรินทร์,มหาวิทยาลัยในกำกับรัฐ,วิทยาเขต,สุรินทร์, -, -
2566,18509,มหาวิทยาลัยมหาจุฬาลงกรณราชวิทยาลัย วิทยาเขตพะเยา,มหาวิทยาลัยในกำกับรัฐ,วิทยาเขต,พะเยา, -, -
2566,18510,มหาวิทยาลัยมหาจุฬาลงกรณราชวิทยาลัย วิทยาเขตบาฬีศึกษาพุทธโฆส,มหาวิทยาลัยในกำกับรัฐ,วิทยาเขต,นครปฐม, -, -
2566,18512,มหาวิทยาลัยมหาจุฬาลงกรณราชวิทยาลัย วิทยาลัยสงฆ์นครพนม,มหาวิทยาลัยในกำกับรัฐ,วิทยาเขต,นครพนม, -, -
2566,18513,มหาวิทยาลัยมหาจุฬาลงกรณราชวิทยาลัย วิทยาลัยสงฆ์เลย,มหาวิทยาลัยในกำกับรัฐ,วิทยาเขต,เลย,17.6162671,101.727226
2566,18514,มหาวิทยาลัยมหาจุฬาลงกรณราชวิทยาลัย วิทยาลัยสงฆ์ลำพูน,มหาวิทยาลัยในกำกับรัฐ,วิทยาเขต,ลำพูน, -, -
2566,18515,มหาวิทยาลัยมหาจุฬาลงกรณราชวิทยาลัย วิทยาเขตนครสวรรค์,มหาวิทยาลัยในกำกับรัฐ,วิทยาเขต,นครสวรรค์, -, -
2566,18516,มหาวิทยาลัยมหาจุฬาลงกรณราชวิทยาลัย วิทยาลัยสงฆ์พุทธชินราช,มหาวิทยาลัยในกำกับรัฐ,วิทยาเขต,พิษณุโลก, -, -
2566,18517,มหาวิทยาลัยมหาจุฬาลงกรณราชวิทยาลัย วิทยาลัยสมทบ,มหาวิทยาลัยในกำกับรัฐ,วิทยาเขต,กรุงเทพมหานคร, -, -
2566,18518,มหาวิทยาลัยมหาจุฬาลงกรณราชวิทยาลัย วิทยาลัยสงฆ์บุรีรัมย์,มหาวิทยาลัยในกำกับรัฐ,วิทยาเขต,บุรีรัมย์, -, -
2566,18519,มหาวิทยาลัยมหาจุฬาลงกรณราชวิทยาลัย วิทยาลัยสงฆ์ปัตตานี,มหาวิทยาลัยในกำกับรัฐ,วิทยาเขต,ปัตตานี, -, -
2566,18520,มหาวิทยาลัยมหาจุฬาลงกรณราชวิทยาลัย วิทยาลัยสงฆ์นครน่านเฉลิมพระเกียรติฯ,มหาวิทยาลัยในกำกับรัฐ,วิทยาเขต,น่าน, -, -
2566,18521,มหาวิทยาลัยมหาจุฬาลงกรณราชวิทยาลัย วิทยาลัยสงฆ์นครลำปาง,มหาวิทยาลัยในกำกับรัฐ,วิทยาเขต,ลำปาง, -, -
2566,18522,มหาวิทยาลัยมหาจุฬาลงกรณราชวิทยาลัย วิทยาลัยสงฆ์พุทธโสธร ฉะเชิงเทรา,มหาวิทยาลัยในกำกับรัฐ,วิทยาเขต,ฉะเชิงเทรา,13.6738464,101.0621651
2566,18523,มหาวิทยาลัยมหาจุฬาลงกรณราชวิทยาลัย วิทยาลัยสงฆ์ศรีสะเกษ,มหาวิทยาลัยในกำกับรัฐ,วิทยาเขต,ศรีสะเกษ, -, -
2566,18524,มหาวิทยาลัยมหาจุฬาลงกรณราชวิทยาลัย วิทยาลัยสงฆ์เชียงราย,มหาวิทยาลัยในกำกับรัฐ,วิทยาเขต,เชียงราย,19.9299095,99.8166052
2566,18525,มหาวิทยาลัยมหาจุฬาลงกรณราชวิทยาลัย วิทยาลัยสงฆ์ร้อยเอ็ด,มหาวิทยาลัยในกำกับรัฐ,วิทยาเขต,ร้อยเอ็ด, -, -
2566,18526,มหาวิทยาลัยมหาจุฬาลงกรณราชวิทยาลัย วิทยาลัยสงฆ์ชัยภูมิ,มหาวิทยาลัยในกำกับรัฐ,วิทยาเขต,ชัยภูมิ, -, -
2566,18527,มหาวิทยาลัยมหาจุฬาลงกรณราชวิทยาลัย วิทยาลัยสงฆ์พิจิตร,มหาวิทยาลัยในกำกับรัฐ,วิทยาเขต,พิจิตร, -, -
2566,18528,มหาวิทยาลัยมหาจุฬาลงกรณราชวิทยาลัย วิทยาลัยสงฆ์สุพรรณบุรีศรีสุวรรณภูมิ,มหาวิทยาลัยในกำกับรัฐ,วิทยาเขต,สุพรรณบุรี, -, -
2566,18529,มหาวิทยาลัยมหาจุฬาลงกรณราชวิทยาลัย วิทยาลัยสงฆ์ระยอง,มหาวิทยาลัยในกำกับรัฐ,วิทยาเขต,ระยอง, -, -
2566,18530,มหาวิทยาลัยมหาจุฬาลงกรณราชวิทยาลัย วิทยาลัยสงฆ์มหาสารคาม,มหาวิทยาลัยในกำกับรัฐ,วิทยาเขต,มหาสารคาม, -, -
2566,18531,มหาวิทยาลัยมหาจุฬาลงกรณราชวิทยาลัย วิทยาลัยสงฆ์สุราษฎร์ธานี,มหาวิทยาลัยในกำกับรัฐ,วิทยาเขต,สุราษฎร์ธานี,9.126673,99.316706
2566,18532,มหาวิทยาลัยมหาจุฬาลงกรณราชวิทยาลัย วิทยาลัยสงฆ์อุทัยธานี,มหาวิทยาลัยในกำกับรัฐ,วิทยาเขต,อุทัยธานี, -, -
2566,18533,มหาวิทยาลัยมหาจุฬาลงกรณราชวิทยาลัย วิทยาลัยสงฆ์เพชรบุรี,มหาวิทยาลัยในกำกับรัฐ,วิทยาเขต,เพชรบุรี,13.1015562,99.9668248
2566,18534,มหาวิทยาลัยมหาจุฬาลงกรณราชวิทยาลัย วิทยาลัยสงฆ์ราชบุรี,มหาวิทยาลัยในกำกับรัฐ,วิทยาเขต,ราชบุรี, -, -
2566,18535,มหาวิทยาลัยมหาจุฬาลงกรณราชวิทยาลัย วิทยาลัยสงฆ์พุทธปัญญาศรีทวารวดี นครปฐม,มหาวิทยาลัยในกำกับรัฐ,วิทยาเขต,นครปฐม, -, -
2566,18536,มหาวิทยาลัยมหาจุฬาลงกรณราชวิทยาลัย วิทยาลัยสงฆ์พ่อขุนผาเมือง เพชรบูรณ์,มหาวิทยาลัยในกำกับรัฐ,วิทยาเขต,เพชรบูรณ์,16.7839961,101.2418863
2566,18537,มหาวิทยาลัยมหาจุฬาลงกรณราชวิทยาลัย วิทยาลัยสงฆ์ชลบุรี,มหาวิทยาลัยในกำกับรัฐ,วิทยาเขต,ชลบุรี, -, -
2566,18538,มหาวิทยาลัยมหาจุฬาลงกรณราชวิทยาลัย วิทยาลัยสงฆ์กาญจนบุรี ศรีไพบูลย์,มหาวิทยาลัยในกำกับรัฐ,วิทยาเขต,กาญจนบุรี, -, -
2566,18539,มหาวิทยาลัยมหาจุฬาลงกรณราชวิทยาลัย วิทยาลัยสงฆ์จันทบุรี,มหาวิทยาลัยในกำกับรัฐ,วิทยาเขต,จันทบุรี, -, -
2566,18540,มหาวิทยาลัยมหาจุฬาลงกรณราชวิทยาลัย วิทยาลัยสงฆ์กำแพงเพชร,มหาวิทยาลัยในกำกับรัฐ,วิทยาเขต,กำแพงเพชร, -, -
2566,18541,มหาวิทยาลัยมหาจุฬาลงกรณราชวิทยาลัย วิทยาลัยสงฆ์ตาก,มหาวิทยาลัยในกำกับรัฐ,วิทยาเขต,ตาก, -, -
2566,18600,มหาวิทยาลัยมหามกุฏราชวิทยาลัย,มหาวิทยาลัยในกำกับรัฐ,วิทยาเขตหลัก,กรุงเทพมหานคร,13.799367,100.29241
2566,18601,มหาวิทยาลัยมหามกุฏราชวิทยาลัย วิทยาเขตมหาวชิราลงกรณราชวิทยาลัย,มหาวิทยาลัยในกำกับรัฐ,วิทยาเขต,พระนครศรีอยุธยา,14.266191,100.781202
2566,18602,มหาวิทยาลัยมหามกุฏราชวิทยาลัย วิทยาเขตร้อยเอ็ด,มหาวิทยาลัยในกำกับรัฐ,วิทยาเขต,ร้อยเอ็ด,16.043382,103.625849
2566,18603,มหาวิทยาลัยมหามกุฏราชวิทยาลัย วิทยาเขตล้านนา,มหาวิทยาลัยในกำกับรัฐ,วิทยาเขต,เชียงใหม่,18.787342,98.987345
2566,18604,มหาวิทยาลัยมหามกุฏราชวิทยาลัย วิทยาเขตศรีธรรมาโศกราช,มหาวิทยาลัยในกำกับรัฐ,วิทยาเขต,นครศรีธรรมราช,8.345618,99.886637
2566,18605,มหาวิทยาลัยมหามกุฏราชวิทยาลัย วิทยาเขตศรีล้านช้าง,มหาวิทยาลัยในกำกับรัฐ,วิทยาเขต,ขอนแก่น,17.500206,101.735608
2566,18606,มหาวิทยาลัยมหามกุฏราชวิทยาลัย วิทยาเขตสิรินธรราชวิทยาลัย,มหาวิทยาลัยในกำกับรัฐ,วิทยาเขต,นครปฐม,13.695088,100.285006
2566,18607,มหาวิทยาลัยมหามกุฏราชวิทยาลัย วิทยาเขตอีสาน,มหาวิทยาลัยในกำกับรัฐ,วิทยาเขต,ขอนแก่น,16.460777,102.854261
2566,18608,มหาวิทยาลัยมหามกุฏราชวิทยาลัย มหาปชาบดีเถรีวิทยาลัย ในพระสังฆราชูปถัมภ์,มหาวิทยาลัยในกำกับรัฐ,วิทยาเขต,นครราชสีมา,14.620928,101.963491
2566,18609,มหาวิทยาลัยมหามกุฏราชวิทยาลัย วิทยาลัยศาสนศาสตร์ยโสธร,มหาวิทยาลัยในกำกับรัฐ,วิทยาเขต,ยโสธร,15.891079,104.177431
2566,18610,มหาวิทยาลัยมหามกุฏราชวิทยาลัย วิทยาลัยศาสนศาสตร์เฉลิมพระเกียรติกาฬสินธุ์,มหาวิทยาลัยในกำกับรัฐ,วิทยาเขต,กาฬสินธุ์,16.440661,103.521571
2566,18611,มหาวิทยาลัยมหามกุฏราชวิทยาลัย วิทยาลัยศาสนศาสตร์นครราชสีมา,มหาวิทยาลัยในกำกับรัฐ,วิทยาเขต,นครราชสีมา,14.9706207,102.097386
2566,18700,สถาบันเทคโนโลยีปทุมวัน,มหาวิทยาลัยของรัฐ,วิทยาเขตหลัก,กรุงเทพมหานคร,13.747278,100.525782
2566,18800,วิทยาลัยนครราชสีมา,วิทยาลัยเอกชน,วิทยาเขตหลัก,นครราชสีมา,14.95096,102.01353
2566,19100,มหาวิทยาลัยเทคโนโลยีราชมงคลธัญบุรี,มหาวิทยาลัยของรัฐ,วิทยาเขตหลัก,ปทุมธานี,14.036525,100.72762
2566,19101,มหาวิทยาลัยเทคโนโลยีราชมงคลธัญบุรี วิทยาเขตปทุมธานี,มหาวิทยาลัยของรัฐ,วิทยาเขต,ปทุมธานี, -, -
2566,19200,มหาวิทยาลัยเทคโนโลยีราชมงคลกรุงเทพ,มหาวิทยาลัยของรัฐ,วิทยาเขตหลัก,กรุงเทพมหานคร,13.714241,100.538365
2566,19201,มหาวิทยาลัยเทคโนโลยีราชมงคลกรุงเทพ วิทยาเขตเทคนิคกรุงเทพฯ,มหาวิทยาลัยของรัฐ,วิทยาเขต,กรุงเทพมหานคร,13.7148829,100.5371408
2566,19202,มหาวิทยาลัยเทคโนโลยีราชมงคลกรุงเทพ วิทยาเขตบพิตรพิมุข มหาเมฆ,มหาวิทยาลัยของรัฐ,วิทยาเขต,กรุงเทพมหานคร,13.7420126,100.5025972
2566,19203,มหาวิทยาลัยเทคโนโลยีราชมงคลกรุงเทพ วิทยาเขตพระนครใต้,มหาวิทยาลัยของรัฐ,วิทยาเขต,กรุงเทพมหานคร,13.7151045,100.5149422
2566,19300,มหาวิทยาลัยเทคโนโลยีราชมงคลตะวันออก,มหาวิทยาลัยของรัฐ,วิทยาเขตหลัก,ชลบุรี,13.22632,100.95721
2566,19301,มหาวิทยาลัยเทคโนโลยีราชมงคลตะวันออก วิทยาเขตจักรพงษภูนารถ,มหาวิทยาลัยของรัฐ,วิทยาเขต,กรุงเทพมหานคร,13.77833,100.55668
2566,19302,มหาวิทยาลัยเทคโนโลยีราชมงคลตะวันออก วิทยาเขตอุเทนถวาย,มหาวิทยาลัยของรัฐ,วิทยาเขต,กรุงเทพมหานคร,13.74189,100.53131
2566,19303,มหาวิทยาลัยเทคโนโลยีราชมงคลตะวันออก วิทยาเขตบางพระ จังหวัดชลบุรี,มหาวิทยาลัยของรัฐ,วิทยาเขต,ชลบุรี, -, -
2566,19304,มหาวิทยาลัยเทคโนโลยีราชมงคลตะวันออก วิทยาเขตจันทบุรี,มหาวิทยาลัยของรัฐ,วิทยาเขต,จันทบุรี,12.83919,102.11213
2566,19305,มหาวิทยาลัยเทคโนโลยีราชมงคลตะวันออก คณะเกษตรศาสตร์บางพระ จังหวัดชลบุรี,มหาวิทยาลัยของรัฐ,วิทยาเขต,ชลบุรี, -, -
2566,19400,มหาวิทยาลัยเทคโนโลยีราชมงคลพระนคร,มหาวิทยาลัยของรัฐ,วิทยาเขตหลัก,กรุงเทพมหานคร,13.7707,100.5012
2566,19401,มหาวิทยาลัยเทคโนโลยีราชมงคลพระนคร ศูนย์เทเวศร์,มหาวิทยาลัยของรัฐ,วิทยาเขต,กรุงเทพมหานคร,13.7707,100.5012
2566,19402,มหาวิทยาลัยเทคโนโลยีราชมงคลพระนคร ศูนย์โชติเวช,มหาวิทยาลัยของรัฐ,วิทยาเขต,กรุงเทพมหานคร,13.7720,100.5001
2566,19403,มหาวิทยาลัยเทคโนโลยีราชมงคลพระนคร ศูนย์พณิชยการพระนคร,มหาวิทยาลัยของรัฐ,วิทยาเขต,กรุงเทพมหานคร,13.7621,100.5134
2566,19405,มหาวิทยาลัยเทคโนโลยีราชมงคลพระนคร ศูนย์พระนครเหนือ,มหาวิทยาลัยของรัฐ,วิทยาเขต,กรุงเทพมหานคร,13.8178,100.5118
2566,19500,มหาวิทยาลัยเทคโนโลยีราชมงคลรัตนโกสินทร์,มหาวิทยาลัยของรัฐ,วิทยาเขตหลัก,กรุงเทพมหานคร,13.795868,100.300476
2566,19501,มหาวิทยาลัยเทคโนโลยีราชมงคลรัตนโกสินทร์ วิทยาเขตเพาะช่าง,มหาวิทยาลัยของรัฐ,วิทยาเขต,กรุงเทพมหานคร,13.744439,100.498766
2566,19502,มหาวิทยาลัยเทคโนโลยีราชมงคลรัตนโกสินทร์ วิทยาเขตบพิตรพิมุข จักรวรรดิ,มหาวิทยาลัยของรัฐ,วิทยาเขต,กรุงเทพมหานคร,13.7456439,100.498767
2566,19503,มหาวิทยาลัยเทคโนโลยีราชมงคลรัตนโกสินทร์ วิทยาเขตศาลายา,มหาวิทยาลัยของรัฐ,วิทยาเขต,นครปฐม,13.795868,100.300476
2566,19504,มหาวิทยาลัยเทคโนโลยีราชมงคลรัตนโกสินทร์ วิทยาเขตวังไกลกังวล,มหาวิทยาลัยของรัฐ,วิทยาเขต,ประจวบคีรีขันธ์,12.4796508,99.9653029
2566,19600,มหาวิทยาลัยเทคโนโลยีราชมงคลล้านนา,มหาวิทยาลัยของรัฐ,วิทยาเขตหลัก,เชียงใหม่,18.810396,98.952707
2566,19601,มหาวิทยาลัยเทคโนโลยีราชมงคลล้านนา วิทยาเขตภาคพายัพจังหวัดเชียงใหม่,มหาวิทยาลัยของรัฐ,วิทยาเขต,เชียงใหม่,18.80968,98.9506823
2566,19602,มหาวิทยาลัยเทคโนโลยีราชมงคลล้านนา วิทยาเขตน่าน,มหาวิทยาลัยของรัฐ,วิทยาเขต,น่าน,18.808396,100.788607
2566,19603,มหาวิทยาลัยเทคโนโลยีราชมงคลล้านนา วิทยาเขตลำปาง,มหาวิทยาลัยของรัฐ,วิทยาเขต,ลำปาง,18.368412,99.595696
2566,19604,มหาวิทยาลัยเทคโนโลยีราชมงคลล้านนา วิทยาเขตเชียงราย,มหาวิทยาลัยของรัฐ,วิทยาเขต,เชียงราย,19.684952,99.734364
2566,19605,มหาวิทยาลัยเทคโนโลยีราชมงคลล้านนา วิทยาเขตตาก,มหาวิทยาลัยของรัฐ,วิทยาเขต,ตาก,16.901355,99.125374
2566,19606,มหาวิทยาลัยเทคโนโลยีราชมงคลล้านนา วิทยาเขตพิษณุโลก,มหาวิทยาลัยของรัฐ,วิทยาเขต,พิษณุโลก,16.86146,100.183029
2566,19607,มหาวิทยาลัยเทคโนโลยีราชมงคลล้านนา สถาบันวิจัยและฝึกอบรมการเกษตรลำปาง,มหาวิทยาลัยของรัฐ,วิทยาเขต,ลำปาง, -, -
2566,19700,มหาวิทยาลัยเทคโนโลยีราชมงคลศรีวิชัย,มหาวิทยาลัยของรัฐ,วิทยาเขตหลัก,สงขลา,7.2014489,100.599972
2566,19701,มหาวิทยาลัยเทคโนโลยีราชมงคลศรีวิชัย วิทยาเขตสงขลา,มหาวิทยาลัยของรัฐ,วิทยาเขต,สงขลา,7.0845393,100.244751
2566,19702,มหาวิทยาลัยเทคโนโลยีราชมงคลศรีวิชัย วิทยาเขตนครศรีธรรมราช (พื้นที่ไสใหญ่),มหาวิทยาลัยของรัฐ,วิทยาเขต,นครศรีธรรมราช,8.1625557,99.7229004
2566,19703,มหาวิทยาลัยเทคโนโลยีราชมงคลศรีวิชัย วิทยาเขตตรัง,มหาวิทยาลัยของรัฐ,วิทยาเขต,ตรัง,7.5217884,99.3431854
2566,19704,มหาวิทยาลัยเทคโนโลยีราชมงคลศรีวิชัย วิทยาเขตนครศรีธรรมราช (พื้นที่ทุ่งใหญ่),มหาวิทยาลัยของรัฐ,วิทยาเขต,นครศรีธรรมราช,8.350700,99.4197464
2566,19705,มหาวิทยาลัยเทคโนโลยีราชมงคลศรีวิชัย วิทยาเขตนครศรีธรรมราช (พื้นที่ขนอม),มหาวิทยาลัยของรัฐ,วิทยาเขต,นครศรีธรรมราช,9.2702008,99.8217773
2566,19800,มหาวิทยาลัยเทคโนโลยีราชมงคลสุวรรณภูมิ,มหาวิทยาลัยของรัฐ,วิทยาเขตหลัก,นนทบุรี,14.377341,100.60508
2566,19801,มหาวิทยาลัยเทคโนโลยีราชมงคลสุวรรณภูมิ วิทยาเขตนนทบุรี,มหาวิทยาลัยของรัฐ,วิทยาเขต,นนทบุรี,13.859275,100.481147
2566,19802,มหาวิทยาลัยเทคโนโลยีราชมงคลสุวรรณภูมิ วิทยาเขตพระนครศรีอยุธยา วาสุกรี,มหาวิทยาลัยของรัฐ,วิทยาเขต,พระนครศรีอยุธยา,14.362250,100.567282
2566,19803,มหาวิทยาลัยเทคโนโลยีราชมงคลสุวรรณภูมิ วิทยาเขตพระนครศรีอยุธยา หันตรา,มหาวิทยาลัยของรัฐ,วิทยาเขต,พระนครศรีอยุธยา,14.377341,100.605083
2566,19804,มหาวิทยาลัยเทคโนโลยีราชมงคลสุวรรณภูมิ วิทยาเขตสุพรรณบุรี,มหาวิทยาลัยของรัฐ,วิทยาเขต,สุพรรณบุรี,14.720174,100.110086
2566,19900,มหาวิทยาลัยเทคโนโลยีราชมงคลอีสาน,มหาวิทยาลัยของรัฐ,วิทยาเขตหลัก,นครราชสีมา,14.987758,102.117763
2566,19901,มหาวิทยาลัยเทคโนโลยีราชมงคลอีสาน นครราชสีมา,มหาวิทยาลัยของรัฐ,วิทยาเขต,นครราชสีมา,14.987758,102.117763
2566,19902,มหาวิทยาลัยเทคโนโลยีราชมงคลอีสาน วิทยาเขตสุรินทร์,มหาวิทยาลัยของรัฐ,วิทยาเขต,สุรินทร์,14.858487,103.478106
2566,19903,มหาวิทยาลัยเทคโนโลยีราชมงคลอีสาน วิทยาเขตขอนแก่น,มหาวิทยาลัยของรัฐ,วิทยาเขต,ขอนแก่น,16.428301,102.863572
2566,19905,มหาวิทยาลัยเทคโนโลยีราชมงคลอีสาน วิทยาเขตสกลนคร,มหาวิทยาลัยของรัฐ,วิทยาเขต,สกลนคร,17.361173,103.713088
2566,20100,มหาวิทยาลัยเฉลิมกาญจนา ศรีสะเกษ,มหาวิทยาลัยเอกชน,วิทยาเขตหลัก,ศรีสะเกษ,15.114698,104.334669
2566,20101,มหาวิทยาลัยเฉลิมกาญจนา วิทยาเขตระยอง,มหาวิทยาลัยเอกชน,วิทยาเขต,ระยอง, -, -
2566,20102,มหาวิทยาลัยเฉลิมกาญจนา สุรินทร์,มหาวิทยาลัยเอกชน,วิทยาเขต,สุรินทร์, -, -
2566,20103,มหาวิทยาลัยเฉลิมกาญจนา บุรีรัมย์,มหาวิทยาลัยเอกชน,วิทยาเขต,บุรีรัมย์, -, -
2566,20104,มหาวิทยาลัยเฉลิมกาญจนา เพชรบูรณ์,มหาวิทยาลัยเอกชน,วิทยาเขต,เพชรบูรณ์, -, -
2566,20105,มหาวิทยาลัยเฉลิมกาญจนา นครศรีธรรมราช,มหาวิทยาลัยเอกชน,วิทยาเขต,นครศรีธรรมราช, -, -
2566,20106,มหาวิทยาลัยเฉลิมกาญจนา ฉะเชิงเทรา,มหาวิทยาลัยเอกชน,วิทยาเขต,ฉะเชิงเทรา, -, -
2566,20200,วิทยาลัยอินเตอร์เทคลำปาง,วิทยาลัยเอกชน,วิทยาเขตหลัก,ลำปาง,18.261792,99.462188
2566,20300,สถาบันวิทยาลัยชุมชน,มหาวิทยาลัยของรัฐ,วิทยาเขตหลัก,กรุงเทพมหานคร,13.76593,100.50794
2566,20301,วิทยาลัยชุมชนแม่ฮ่องสอน,มหาวิทยาลัยของรัฐ,วิทยาเขต,แม่ฮ่องสอน,19.305172,97.973538
2566,20302,วิทยาลัยชุมชนพิจิตร,มหาวิทยาลัยของรัฐ,วิทยาเขต,พิจิตร,16.073548,100.30483
2566,20303,วิทยาลัยชุมชนตาก,มหาวิทยาลัยของรัฐ,วิทยาเขต,ตาก,16.817028,99.133472
2566,20304,วิทยาลัยชุมชนบุรีรัมย์,มหาวิทยาลัยของรัฐ,วิทยาเขต,บุรีรัมย์,15.06469,103.15694
2566,20305,วิทยาลัยชุมชนมุกดาหาร,มหาวิทยาลัยของรัฐ,วิทยาเขต,มุกดาหาร,16.496923,104.74304
2566,20306,วิทยาลัยชุมชนหนองบัวลำภู,มหาวิทยาลัยของรัฐ,วิทยาเขต,หนองบัวลำภู,17.135744,102.42653
2566,20307,วิทยาลัยชุมชนสระแก้ว,มหาวิทยาลัยของรัฐ,วิทยาเขต,สระแก้ว,13.797273,102.13329
2566,20308,วิทยาลัยชุมชนอุทัยธานี,มหาวิทยาลัยของรัฐ,วิทยาเขต,อุทัยธานี,15.102752,99.530627
2566,20309,วิทยาลัยชุมชนระนอง,มหาวิทยาลัยของรัฐ,วิทยาเขต,ระนอง,09.956071,098.63703
2566,20310,วิทยาลัยชุมชนนราธิวาส,มหาวิทยาลัยของรัฐ,วิทยาเขต,นราธิวาส,6.416534,101.79840
2566,20311,วิทยาลัยชุมชนยะลา,มหาวิทยาลัยของรัฐ,วิทยาเขต,ยะลา,6.561026,101.28367
2566,20312,วิทยาลัยชุมชนปัตตานี,มหาวิทยาลัยของรัฐ,วิทยาเขต,ปัตตานี,6.8903095,101.25109
2566,20313,วิทยาลัยชุมชนสตูล,มหาวิทยาลัยของรัฐ,วิทยาเขต,สตูล,6.678694,100.07239
2566,20314,วิทยาลัยชุมชนสมุทรสาคร,มหาวิทยาลัยของรัฐ,วิทยาเขต,สมุทรสาคร,13.467497,100.20346
2566,20315,วิทยาลัยชุมชนยโสธร,มหาวิทยาลัยของรัฐ,วิทยาเขต,ยโสธร,15.852127,104.09685
2566,20316,วิทยาลัยชุมชนพังงา,มหาวิทยาลัยของรัฐ,วิทยาเขต,พังงา,8.496146,98.631396
2566,20317,วิทยาลัยชุมชนตราด,มหาวิทยาลัยของรัฐ,วิทยาเขต,ตราด,12.260596,102.55181
2566,20318,วิทยาลัยชุมชนแพร่,มหาวิทยาลัยของรัฐ,วิทยาเขต,แพร่,18.189368,100.20011
2566,20319,วิทยาลัยชุมชนสงขลา,มหาวิทยาลัยของรัฐ,วิทยาเขต,สงขลา,6.8257236,100.9664769
2566,20320,วิทยาลัยชุมชนน่าน,มหาวิทยาลัยของรัฐ,วิทยาเขต,น่าน,18.757047,100.761
2566,20321,วิทยาลัยชุมชนสุโขทัย,มหาวิทยาลัยของรัฐ,วิทยาเขต,สุโขทัย,17.292821,99.78876
2566,20400,โรงเรียนนายร้อยพระจุลจอมเกล้า,สถานศึกษานอกสังกัด อว.,วิทยาเขตหลัก,นครนายก,14.2982253,101.1663005
2566,20500,โรงเรียนนายเรือ,สถานศึกษานอกสังกัด อว.,วิทยาเขตหลัก,สมุทรปราการ,13.6094882,100.5941597
2566,20600,โรงเรียนนายเรืออากาศนวมินทกษัตริยาธิราช,สถานศึกษานอกสังกัด อว.,วิทยาเขตหลัก,กรุงเทพมหานคร,13.9204262,100.6256441
2566,20700,วิทยาลัยแพทยศาสตร์พระมงกุฎเกล้า,สถานศึกษานอกสังกัด อว.,วิทยาเขตหลัก,กรุงเทพมหานคร,13.769240,100.530519
2566,20800,วิทยาลัยพยาบาลกองทัพบก,สถานศึกษานอกสังกัด อว.,วิทยาเขตหลัก,กรุงเทพมหานคร,13.7688793,100.531696
2566,20900,วิทยาลัยพยาบาลกองทัพเรือ,สถานศึกษานอกสังกัด อว.,วิทยาเขตหลัก,กรุงเทพมหานคร,13.709208,100.485994
2566,21000,วิทยาลัยพยาบาลทหารอากาศ,สถานศึกษานอกสังกัด อว.,วิทยาเขตหลัก,กรุงเทพมหานคร,13.303009,100.616171
2566,21100,โรงเรียนนายร้อยตำรวจ,สถานศึกษานอกสังกัด อว.,วิทยาเขตหลัก,นครปฐม,13.7309664,100.21802
2566,21200,วิทยาลัยพยาบาลตำรวจ,สถานศึกษานอกสังกัด อว.,วิทยาเขตหลัก,กรุงเทพมหานคร,13.7429581,100.535912
2566,21300,ศูนย์ฝึกพาณิชย์นาวี,สถานศึกษานอกสังกัด อว.,วิทยาเขตหลัก,สมุทรปราการ,13.6138039,100.58567
2566,21400,สถาบันพระบรมราชชนก,สถานศึกษานอกสังกัด อว.,วิทยาเขตหลัก,กรุงเทพมหานคร,13.8502573,100.5260392
2566,21401,วิทยาลัยพยาบาลบรมราชชนนี กรุงเทพ,สถานศึกษานอกสังกัด อว.,วิทยาเขต,กรุงเทพมหานคร,13.762593,100.536317
2566,21402,วิทยาลัยพยาบาลบรมราชชนนี ขอนแก่น,สถานศึกษานอกสังกัด อว.,วิทยาเขต,ขอนแก่น,16.4395572,102.765202
2566,21403,วิทยาลัยพยาบาลบรมราชชนนี จักรีรัช,สถานศึกษานอกสังกัด อว.,วิทยาเขต,ราชบุรี, -, -
2566,21404,วิทยาลัยพยาบาลบรมราชชนนี ชลบุรี,สถานศึกษานอกสังกัด อว.,วิทยาเขต,ชลบุรี, -, -
2566,21405,วิทยาลัยพยาบาลบรมราชชนนี ชัยนาท,สถานศึกษานอกสังกัด อว.,วิทยาเขต,ชัยนาท, -, -
2566,21406,วิทยาลัยพยาบาลบรมราชชนนี เชียงใหม่,สถานศึกษานอกสังกัด อว.,วิทยาเขต,เชียงใหม่,18.8510512,98.9607732
2566,21407,วิทยาลัยพยาบาลบรมราชชนนี ตรัง,สถานศึกษานอกสังกัด อว.,วิทยาเขต,ตรัง, -, -
2566,21408,วิทยาลัยพยาบาลบรมราชชนนี นนทบุรี,สถานศึกษานอกสังกัด อว.,วิทยาเขต,นนทบุรี, -, -
2566,21409,วิทยาลัยพยาบาลบรมราชชนนี นพรัตน์วชิระ,สถานศึกษานอกสังกัด อว.,วิทยาเขต,กรุงเทพมหานคร,13.8192011,100.6877969
2566,21410,วิทยาลัยพยาบาลบรมราชชนนี นครลำปาง,สถานศึกษานอกสังกัด อว.,วิทยาเขต,ลำปาง, -, -
2566,21411,วิทยาลัยพยาบาลบรมราชชนนี นครราชสีมา,สถานศึกษานอกสังกัด อว.,วิทยาเขต,นครราชสีมา, -, -
2566,21413,วิทยาลัยพยาบาลบรมราชชนนี นครศรีธรรมราช,สถานศึกษานอกสังกัด อว.,วิทยาเขต,นครศรีธรรมราช, -, -
2566,21414,วิทยาลัยพยาบาลบรมราชชนนี นราธิวาส,สถานศึกษานอกสังกัด อว.,วิทยาเขต,นราธิวาส, -, -
2566,21415,วิทยาลัยพยาบาลบรมราชชนนี พระพุทธบาท,สถานศึกษานอกสังกัด อว.,วิทยาเขต,สระบุรี, -, -
2566,21416,วิทยาลัยพยาบาลพระจอมเกล้า เพชรบุรี,สถานศึกษานอกสังกัด อว.,วิทยาเขต,เพชรบุรี,13.1212417,99.9370343
2566,21417,วิทยาลัยพยาบาลพระปกเกล้า จันทบุรี,สถานศึกษานอกสังกัด อว.,วิทยาเขต,จันทบุรี,12.606699,102.103049
2566,21418,วิทยาลัยพยาบาลบรมราชชนนี พุทธชินราช,สถานศึกษานอกสังกัด อว.,วิทยาเขต,พิษณุโลก, -, -
2566,21419,วิทยาลัยพยาบาลบรมราชชนนี พะเยา,สถานศึกษานอกสังกัด อว.,วิทยาเขต,พะเยา, -, -
2566,21420,วิทยาลัยพยาบาลบรมราชชนนี ยะลา,สถานศึกษานอกสังกัด อว.,วิทยาเขต,ยะลา, -, -
2566,21421,วิทยาลัยพยาบาลบรมราชชนนี ราชบุรี,สถานศึกษานอกสังกัด อว.,วิทยาเขต,ราชบุรี, -, -
2566,21422,วิทยาลัยพยาบาลศรีมหาสารคาม,สถานศึกษานอกสังกัด อว.,วิทยาเขต,มหาสารคาม, -, -
2566,21423,วิทยาลัยพยาบาลบรมราชชนนี สระบุรี,สถานศึกษานอกสังกัด อว.,วิทยาเขต,สระบุรี, -, -
2566,21424,วิทยาลัยพยาบาลบรมราชชนนี สุพรรณบุรี,สถานศึกษานอกสังกัด อว.,วิทยาเขต,สุพรรณบุรี, -, -
2566,21425,วิทยาลัยพยาบาลบรมราชชนนี สวรรค์ประชารักษ์,สถานศึกษานอกสังกัด อว.,วิทยาเขต,นครสวรรค์, -, -
2566,21426,วิทยาลัยพยาบาลบรมราชชนนี สุรินทร์,สถานศึกษานอกสังกัด อว.,วิทยาเขต,สุรินทร์, -, -
2566,21427,วิทยาลัยพยาบาลบรมราชชนนี สรรพสิทธิประสงค์ อุบลราชธานี,สถานศึกษานอกสังกัด อว.,วิทยาเขต,อุบลราชธานี, -, -
2566,21428,วิทยาลัยพยาบาลบรมราชชนนี สุราษฎร์ธานี,สถานศึกษานอกสังกัด อว.,วิทยาเขต,สุราษฎร์ธานี, -, -
2566,21429,วิทยาลัยพยาบาลบรมราชชนนี สงขลา,สถานศึกษานอกสังกัด อว.,วิทยาเขต,สงขลา, -, -
2566,21430,วิทยาลัยพยาบาลบรมราชชนนี อุตรดิตถ์,สถานศึกษานอกสังกัด อว.,วิทยาเขต,อุตรดิตถ์, -, -
2566,21431,วิทยาลัยพยาบาลบรมราชชนนี อุดรธานี,สถานศึกษานอกสังกัด อว.,วิทยาเขต,อุดรธานี, -, -
2566,21432,วิทยาลัยการสาธารณสุขสิรินธร ขอนแก่น,สถานศึกษานอกสังกัด อว.,วิทยาเขต,ขอนแก่น,16.42496,102.8438157
2566,21433,วิทยาลัยการสาธารณสุขสิรินธร ชลบุรี,สถานศึกษานอกสังกัด อว.,วิทยาเขต,ชลบุรี, -, -
2566,21434,วิทยาลัยการสาธารณสุขสิรินธร ตรัง,สถานศึกษานอกสังกัด อว.,วิทยาเขต,ตรัง, -, -
2566,21435,วิทยาลัยการสาธารณสุขสิรินธร พิษณุโลก,สถานศึกษานอกสังกัด อว.,วิทยาเขต,พิษณุโลก, -, -
2566,21436,วิทยาลัยการสาธารณสุขสิรินธร ยะลา,สถานศึกษานอกสังกัด อว.,วิทยาเขต,ยะลา, -, -
2566,21437,วิทยาลัยการสาธารณสุขสิรินธร สุพรรณบุรี,สถานศึกษานอกสังกัด อว.,วิทยาเขต,สุพรรณบุรี, -, -
2566,21438,วิทยาลัยพยาบาลสรรพสิทธิประสงค์ อุบลราชธานี,สถานศึกษานอกสังกัด อว.,วิทยาเขต,อุบลราชธานี, -, -
2566,21439,วิทยาลัยการสาธารณสุขสิรินธร อุบลราชธานี,สถานศึกษานอกสังกัด อว.,วิทยาเขต,อุบลราชธานี, -, -
2566,21440,วิทยาลัยเทคโนโลยีทางการแพทย์และสาธารณสุข กาญจนาภิเษก,สถานศึกษานอกสังกัด อว.,วิทยาเขต,นนทบุรี, -, -
2566,21441,วิทยาลัยพยาบาลบรมราชชนนี แพร่,สถานศึกษานอกสังกัด อว.,วิทยาเขต,แพร่,18.1167422,100.1493602
2566,21442,วิทยาลัยการแพทย์แผนไทยอภัยภูเบศร,สถานศึกษานอกสังกัด อว.,วิทยาเขต,ปราจีนบุรี, -, -
2566,21700,วิทยาลัยการชลประทาน,สถานศึกษานอกสังกัด อว.,วิทยาเขตหลัก,นนทบุรี,13.89842,100.50547
2566,21800,สถาบันการพยาบาลศรีสวรินทิราสภากาชาดไทย,มหาวิทยาลัยในกำกับรัฐ,วิทยาเขตหลัก,กรุงเทพมหานคร,13.739802,100.54678
2566,21900,สถาบันบัณฑิตพัฒนศิลป์,สถานศึกษานอกสังกัด อว.,วิทยาเขตหลัก,กรุงเทพมหานคร,13.801953,100.302248
2566,22000,มหาวิทยาลัยการกีฬาแห่งชาติ,สถานศึกษานอกสังกัด อว.,วิทยาเขตหลัก,ชลบุรี,13.411423,100.9894734
2566,22001,มหาวิทยาลัยการกีฬาแห่งชาติ วิทยาเขตกระบี่,สถานศึกษานอกสังกัด อว.,วิทยาเขต,กระบี่,8.11,98.918425
2566,22002,มหาวิทยาลัยการกีฬาแห่งชาติ วิทยาเขตกรุงเทพ,สถานศึกษานอกสังกัด อว.,วิทยาเขต,กรุงเทพมหานคร,14.073365,100.886767
2566,22003,มหาวิทยาลัยการกีฬาแห่งชาติ วิทยาเขตชลบุรี,สถานศึกษานอกสังกัด อว.,วิทยาเขต,ชลบุรี,13.411525,100.99169
2566,22004,มหาวิทยาลัยการกีฬาแห่งชาติ วิทยาเขตชัยภูมิ,สถานศึกษานอกสังกัด อว.,วิทยาเขต,ชัยภูมิ,15.808357,102.017454
2566,22005,มหาวิทยาลัยการกีฬาแห่งชาติ วิทยาเขตชุมพร,สถานศึกษานอกสังกัด อว.,วิทยาเขต,ชุมพร,10.455633,99.128337
2566,22006,มหาวิทยาลัยการกีฬาแห่งชาติ วิทยาเขตเชียงใหม่,สถานศึกษานอกสังกัด อว.,วิทยาเขต,เชียงใหม่,18.798866,98.98875
2566,22007,มหาวิทยาลัยการกีฬาแห่งชาติ วิทยาเขตตรัง,สถานศึกษานอกสังกัด อว.,วิทยาเขต,ตรัง,7.4124,99.638825
2566,22008,มหาวิทยาลัยการกีฬาแห่งชาติ วิทยาเขตเพชรบูรณ์,สถานศึกษานอกสังกัด อว.,วิทยาเขต,เพชรบูรณ์,16.450643,101.154843
2566,22009,มหาวิทยาลัยการกีฬาแห่งชาติ วิทยาเขตมหาสารคาม,สถานศึกษานอกสังกัด อว.,วิทยาเขต,มหาสารคาม,16.197283,103.264532
2566,22010,มหาวิทยาลัยการกีฬาแห่งชาติ วิทยาเขตยะลา,สถานศึกษานอกสังกัด อว.,วิทยาเขต,ยะลา,6.55290052,101.291842
2566,22011,มหาวิทยาลัยการกีฬาแห่งชาติ วิทยาเขตลำปาง,สถานศึกษานอกสังกัด อว.,วิทยาเขต,ลำปาง,18.303208,99.475334
2566,22012,มหาวิทยาลัยการกีฬาแห่งชาติ วิทยาเขตศรีสะเกษ,สถานศึกษานอกสังกัด อว.,วิทยาเขต,ศรีสะเกษ,15.099278,104.339103
2566,22013,มหาวิทยาลัยการกีฬาแห่งชาติ วิทยาเขตสมุทรสาคร,สถานศึกษานอกสังกัด อว.,วิทยาเขต,สมุทรสาคร,13.543383,100.284243
2566,22014,มหาวิทยาลัยการกีฬาแห่งชาติ วิทยาเขตสุโขทัย,สถานศึกษานอกสังกัด อว.,วิทยาเขต,สุโขทัย,16.975642,99.78936
2566,22015,มหาวิทยาลัยการกีฬาแห่งชาติ วิทยาเขตสุพรรณบุรี,สถานศึกษานอกสังกัด อว.,วิทยาเขต,สุพรรณบุรี,14.475155,100.09023
2566,22016,มหาวิทยาลัยการกีฬาแห่งชาติ วิทยาเขตอ่างทอง,สถานศึกษานอกสังกัด อว.,วิทยาเขต,อ่างทอง,14.717844,100.441822
2566,22017,มหาวิทยาลัยการกีฬาแห่งชาติ วิทยาเขตอุดรธานี,สถานศึกษานอกสังกัด อว.,วิทยาเขต,อุดรธานี,17.406223,102.766307
2566,22100,สถาบันการบินพลเรือน,สถานศึกษานอกสังกัด อว.,วิทยาเขตหลัก,กรุงเทพมหานคร,13.800861,100.553343
2566,22400,มหาวิทยาลัยกรุงเทพสุวรรณภูมิ,มหาวิทยาลัยเอกชน,วิทยาเขตหลัก,กรุงเทพมหานคร,13.723251,100.802473
2566,22500,วิทยาลัยเทคโนโลยีสยาม,วิทยาลัยเอกชน,วิทยาเขตหลัก,กรุงเทพมหานคร,13.7378256,100.469076
2566,22501,วิทยาลัยเทคโนโลยีสยาม วิทยาเขตราชบุรี,วิทยาลัยเอกชน,วิทยาเขต,ราชบุรี,13.6701203,99.7319501
2566,22600,มหาวิทยาลัยราชพฤกษ์,มหาวิทยาลัยเอกชน,วิทยาเขตหลัก,นนทบุรี,13.824005,100.460562
2566,22700,ราชวิทยาลัยจุฬาภรณ์,สถานศึกษานอกสังกัด อว.,วิทยาเขตหลัก,กรุงเทพมหานคร,13.8837,100.5699
2566,22800,สถาบันเทคโนโลยีไทย-ญี่ปุ่น,สถาบันเอกชน,วิทยาเขตหลัก,กรุงเทพมหานคร,13.737964,100.628318
2566,22900,สถาบันอาศรมศิลป์,สถาบันเอกชน,วิทยาเขตหลัก,กรุงเทพมหานคร,13.659005,100.468369
2566,23000,สถาบันวิทยาการประกอบการแห่งอโยธยา,สถาบันเอกชน,วิทยาเขตหลัก,พระนครศรีอยุธยา,14.3994,100.5292
2566,23400,สถาบันบัณฑิตศึกษาจุฬาภรณ์,สถาบันเอกชน,วิทยาเขตหลัก,กรุงเทพมหานคร,13.882301,100.578902
2566,25000,สถาบันการจัดการปัญญาภิวัฒน์,สถาบันเอกชน,วิทยาเขตหลัก,กรุงเทพมหานคร,13.901726,100.53299
2566,25001,สถาบันการจัดการปัญญาภิวัฒน์ วิทยาเขตอีอีซี,สถาบันเอกชน,วิทยาเขต,ชลบุรี,12.776566,100.939518
2566,26000,วิทยาลัยเทคโนโลยีพนมวันท์,วิทยาลัยเอกชน,วิทยาเขตหลัก,นครราชสีมา,13.63334,100.50316
2566,26100,วิทยาลัยพิชญบัณฑิต,วิทยาลัยเอกชน,วิทยาเขตหลัก,หนองบัวลำภู,17.1951917,102.430831
2566,26200,สถาบันกันตนา,สถาบันเอกชน,วิทยาเขตหลัก,นครปฐม,13.863325,100.272078
2566,26300,สถาบันการเรียนรู้เพื่อปวงชน,สถาบันเอกชน,วิทยาเขตหลัก,สมุทรสงคราม,13.4991484,99.9327977
2566,26400,สถาบันเทคโนโลยียานยนต์มหาชัย,สถาบันเอกชน,วิทยาเขตหลัก,สมุทรสาคร,13.621151,100.376187
2566,26500,สถาบันดนตรีกัลยาณิวัฒนา,มหาวิทยาลัยในกำกับรัฐ,วิทยาเขตหลัก,กรุงเทพมหานคร,13.768361,100.49398
2566,26600,มหาวิทยาลัยนวมินทราธิราช,สถานศึกษานอกสังกัด อว.,วิทยาเขตหลัก,กรุงเทพมหานคร,13.781615,100.50629
2566,26700,สถาบันเทคโนโลยีจิตรลดา,มหาวิทยาลัยในกำกับรัฐ,วิทยาเขตหลัก,กรุงเทพมหานคร,13.7671833,100.515072
2566,26800,สถาบันวิทยาการจัดการแห่งแปซิฟิค,สถาบันเอกชน,วิทยาเขตหลัก,พะเยา,19.221840,99.864170
2566,26801,สถาบันวิทยาการจัดการแห่งแปซิฟิค วิทยาเขตนิมิตใหม่,สถาบันเอกชน,วิทยาเขต,ปทุมธานี,13.976008,100.759226
2566,28800,สถาบันเทคโนโลยีแห่งสุวรรณภูมิ,สถาบันเอกชน,วิทยาเขตหลัก,ปราจีนบุรี,13.6101274,100.695793
2566,28900,สถาบันวิทยสิริเมธี,สถาบันเอกชน,วิทยาเขตหลัก,ระยอง,13.002137,101.443549
2566,29400,โรงเรียนเสนาธิการทหารบก,สถานศึกษานอกสังกัด อว.,วิทยาเขตหลัก,กรุงเทพมหานคร,13.7827572,100.5249509
2566,29500,วิทยาลัยนานาชาติราฟเฟิลส์,วิทยาลัยเอกชน,วิทยาเขตหลัก,กรุงเทพมหานคร,13.661928,100.6641467
